{
  "id": "1456983",
  "name": "superman",
  "font_family": "iconfont",
  "css_prefix_text": "icon-",
  "description": "",
  "glyphs": [
    {
      "icon_id": "36111",
      "name": "放大",
      "font_class": "fangda",
      "unicode": "e600",
      "unicode_decimal": 58880
    },
    {
      "icon_id": "36112",
      "name": "缩小",
      "font_class": "suoxiao",
      "unicode": "e601",
      "unicode_decimal": 58881
    },
    {
      "icon_id": "99096",
      "name": "手机",
      "font_class": "weibiaoti1",
      "unicode": "e632",
      "unicode_decimal": 58930
    },
    {
      "icon_id": "322925",
      "name": "QQ",
      "font_class": "11qq",
      "unicode": "e64d",
      "unicode_decimal": 58957
    },
    {
      "icon_id": "356478",
      "name": "微博",
      "font_class": "weibo",
      "unicode": "e62f",
      "unicode_decimal": 58927
    },
    {
      "icon_id": "376577",
      "name": "收起",
      "font_class": "shouqi",
      "unicode": "e6b7",
      "unicode_decimal": 59063
    },
    {
      "icon_id": "397733",
      "name": "搜索",
      "font_class": "sousuo",
      "unicode": "e614",
      "unicode_decimal": 58900
    },
    {
      "icon_id": "454694",
      "name": "首页",
      "font_class": "01",
      "unicode": "e608",
      "unicode_decimal": 58888
    },
    {
      "icon_id": "499377",
      "name": "QQ",
      "font_class": "qq",
      "unicode": "e64c",
      "unicode_decimal": 58956
    },
    {
      "icon_id": "587363",
      "name": "收起",
      "font_class": "shouqi1",
      "unicode": "e691",
      "unicode_decimal": 59025
    },
    {
      "icon_id": "633006",
      "name": "箭头-右",
      "font_class": "jiantouyou",
      "unicode": "e616",
      "unicode_decimal": 58902
    },
    {
      "icon_id": "720964",
      "name": "箭头",
      "font_class": "xiazai6",
      "unicode": "e606",
      "unicode_decimal": 58886
    },
    {
      "icon_id": "774437",
      "name": "关于云管家",
      "font_class": "guanyuyunguanjia",
      "unicode": "e655",
      "unicode_decimal": 58965
    },
    {
      "icon_id": "781515",
      "name": "杯子-01",
      "font_class": "beizi01",
      "unicode": "e65c",
      "unicode_decimal": 58972
    },
    {
      "icon_id": "808880",
      "name": "箭头",
      "font_class": "jiantou",
      "unicode": "e6a5",
      "unicode_decimal": 59045
    },
    {
      "icon_id": "851463",
      "name": "jiantouyou",
      "font_class": "jiantouyou1",
      "unicode": "e6a4",
      "unicode_decimal": 59044
    },
    {
      "icon_id": "974803",
      "name": "关闭",
      "font_class": "guanbi",
      "unicode": "e6a6",
      "unicode_decimal": 59046
    },
    {
      "icon_id": "986186",
      "name": "微博",
      "font_class": "weibo-copy",
      "unicode": "e653",
      "unicode_decimal": 58963
    },
    {
      "icon_id": "1089675",
      "name": "放大",
      "font_class": "webicon311",
      "unicode": "e6a2",
      "unicode_decimal": 59042
    },
    {
      "icon_id": "1110404",
      "name": "箭头 左 小",
      "font_class": "jiantou2",
      "unicode": "e604",
      "unicode_decimal": 58884
    },
    {
      "icon_id": "1110405",
      "name": "箭头 左 细",
      "font_class": "jiantou3",
      "unicode": "e605",
      "unicode_decimal": 58885
    },
    {
      "icon_id": "1260565",
      "name": "收起按钮icon",
      "font_class": "shouqianniuicon",
      "unicode": "e712",
      "unicode_decimal": 59154
    },
    {
      "icon_id": "1294671",
      "name": "QQ",
      "font_class": "QQ",
      "unicode": "e631",
      "unicode_decimal": 58929
    },
    {
      "icon_id": "1489084",
      "name": "缩小",
      "font_class": "suoxiao1",
      "unicode": "e624",
      "unicode_decimal": 58916
    },
    {
      "icon_id": "1544758",
      "name": "咖啡杯子",
      "font_class": "icon-test",
      "unicode": "e638",
      "unicode_decimal": 58936
    },
    {
      "icon_id": "1547845",
      "name": "057操作_全屏放大1",
      "font_class": "caozuo_quanpingfangda",
      "unicode": "e693",
      "unicode_decimal": 59027
    },
    {
      "icon_id": "2154816",
      "name": "电脑",
      "font_class": "diannao",
      "unicode": "e622",
      "unicode_decimal": 58914
    },
    {
      "icon_id": "2468146",
      "name": "首页",
      "font_class": "shouye",
      "unicode": "e615",
      "unicode_decimal": 58901
    },
    {
      "icon_id": "2729101",
      "name": "下载",
      "font_class": "xiazai",
      "unicode": "e623",
      "unicode_decimal": 58915
    },
    {
      "icon_id": "3216097",
      "name": "缩小",
      "font_class": "icon--",
      "unicode": "e71e",
      "unicode_decimal": 59166
    },
    {
      "icon_id": "3216164",
      "name": "文件",
      "font_class": "icon--1",
      "unicode": "e753",
      "unicode_decimal": 59219
    },
    {
      "icon_id": "3819821",
      "name": "地址",
      "font_class": "dizhi",
      "unicode": "e720",
      "unicode_decimal": 59168
    },
    {
      "icon_id": "4157643",
      "name": "放大，全屏",
      "font_class": "Shapecopy",
      "unicode": "e609",
      "unicode_decimal": 58889
    },
    {
      "icon_id": "4329372",
      "name": "信息",
      "font_class": "duanxin",
      "unicode": "e64e",
      "unicode_decimal": 58958
    },
    {
      "icon_id": "4360990",
      "name": "首页",
      "font_class": "shouye1",
      "unicode": "e602",
      "unicode_decimal": 58882
    },
    {
      "icon_id": "4867364",
      "name": "下载",
      "font_class": "xiazai1",
      "unicode": "e667",
      "unicode_decimal": 58983
    },
    {
      "icon_id": "4933243",
      "name": "放大01",
      "font_class": "fangda1",
      "unicode": "e701",
      "unicode_decimal": 59137
    },
    {
      "icon_id": "5423494",
      "name": "相机",
      "font_class": "z1",
      "unicode": "e62d",
      "unicode_decimal": 58925
    },
    {
      "icon_id": "5423558",
      "name": "眼睛",
      "font_class": "z",
      "unicode": "e62e",
      "unicode_decimal": 58926
    },
    {
      "icon_id": "5604573",
      "name": "电话",
      "font_class": "weibiaoti-",
      "unicode": "e617",
      "unicode_decimal": 58903
    },
    {
      "icon_id": "5905716",
      "name": "首页",
      "font_class": "shouye2",
      "unicode": "e62c",
      "unicode_decimal": 58924
    },
    {
      "icon_id": "6233163",
      "name": "文件",
      "font_class": "duomeitiicon-",
      "unicode": "e60b",
      "unicode_decimal": 58891
    },
    {
      "icon_id": "6238990",
      "name": "相机",
      "font_class": "duomeitiicon-1",
      "unicode": "e625",
      "unicode_decimal": 58917
    },
    {
      "icon_id": "6428138",
      "name": "箭头",
      "font_class": "jiantou1",
      "unicode": "e60e",
      "unicode_decimal": 58894
    },
    {
      "icon_id": "6550243",
      "name": "书本",
      "font_class": "shuben",
      "unicode": "e656",
      "unicode_decimal": 58966
    },
    {
      "icon_id": "6878129",
      "name": "信息",
      "font_class": "xinxi",
      "unicode": "e607",
      "unicode_decimal": 58887
    },
    {
      "icon_id": "6966896",
      "name": "放大",
      "font_class": "fangda2",
      "unicode": "e61f",
      "unicode_decimal": 58911
    },
    {
      "icon_id": "6999191",
      "name": "放大",
      "font_class": "fangda3",
      "unicode": "e61b",
      "unicode_decimal": 58907
    },
    {
      "icon_id": "6999203",
      "name": "缩小",
      "font_class": "suoxiao2",
      "unicode": "e620",
      "unicode_decimal": 58912
    },
    {
      "icon_id": "7119859",
      "name": "警综联系单",
      "font_class": "jingzonglianxidan",
      "unicode": "e626",
      "unicode_decimal": 58918
    },
    {
      "icon_id": "7416849",
      "name": "右箭头",
      "font_class": "jiantou4",
      "unicode": "e644",
      "unicode_decimal": 58948
    },
    {
      "icon_id": "7472251",
      "name": "fangda-02",
      "font_class": "fangda-",
      "unicode": "e65b",
      "unicode_decimal": 58971
    },
    {
      "icon_id": "7588113",
      "name": "首页",
      "font_class": "shouye3",
      "unicode": "e627",
      "unicode_decimal": 58919
    },
    {
      "icon_id": "7720065",
      "name": "箭头",
      "font_class": "jiantou5",
      "unicode": "e610",
      "unicode_decimal": 58896
    },
    {
      "icon_id": "7903215",
      "name": "hman-联系我们",
      "font_class": "lianxiwomen",
      "unicode": "e60c",
      "unicode_decimal": 58892
    },
    {
      "icon_id": "8134642",
      "name": "书本",
      "font_class": "shuben1",
      "unicode": "e60d",
      "unicode_decimal": 58893
    },
    {
      "icon_id": "8361830",
      "name": "眼睛",
      "font_class": "yanjing",
      "unicode": "e6cc",
      "unicode_decimal": 59084
    },
    {
      "icon_id": "9322674",
      "name": "微博",
      "font_class": "weibo1",
      "unicode": "e628",
      "unicode_decimal": 58920
    },
    {
      "icon_id": "9512536",
      "name": "书本",
      "font_class": "dictionary",
      "unicode": "e61a",
      "unicode_decimal": 58906
    },
    {
      "icon_id": "9526785",
      "name": "地址",
      "font_class": "dizhi3",
      "unicode": "e60a",
      "unicode_decimal": 58890
    },
    {
      "icon_id": "9712624",
      "name": "收起",
      "font_class": "shouqi2",
      "unicode": "e6ac",
      "unicode_decimal": 59052
    },
    {
      "icon_id": "9874523",
      "name": "KHCFDC_首页",
      "font_class": "shouye4",
      "unicode": "e6da",
      "unicode_decimal": 59098
    },
    {
      "icon_id": "10006023",
      "name": "闹钟",
      "font_class": "naozhong",
      "unicode": "e66f",
      "unicode_decimal": 58991
    },
    {
      "icon_id": "10150395",
      "name": "地址",
      "font_class": "dizhi4",
      "unicode": "e621",
      "unicode_decimal": 58913
    },
    {
      "icon_id": "10721355",
      "name": "手机",
      "font_class": "shouji",
      "unicode": "e639",
      "unicode_decimal": 58937
    },
    {
      "icon_id": "10809206",
      "name": "提示 闹钟",
      "font_class": "changyongtubiao-xianxingdaochu-zhuanqu-",
      "unicode": "e70c",
      "unicode_decimal": 59148
    },
    {
      "icon_id": "11141081",
      "name": "杯子",
      "font_class": "beizi",
      "unicode": "e61d",
      "unicode_decimal": 58909
    }
  ]
}
